{"start_tracking_at_element": -1, "q0": 79.0, "mass0": 193733676421.31158, "p0c": [18644000000000.0], "gamma0": [96.24040012392172], "beta0": [0.9999460157729927], "s": [0.0], "x": [-0.002178958622996442], "y": [0.0005346516934415237], "px": [-4.1149987045826375e-05], "py": [-1.8818096071827253e-05], "zeta": [0.1771372672672862], "chi": [1.0], "charge_ratio": [1.0], "weight": [1.0], "particle_id": [0], "at_element": [0], "at_turn": [0], "state": [1], "parent_particle_id": [0], "_rng_s1": [0], "_rng_s2": [0], "_rng_s3": [0], "_rng_s4": [0], "delta": [0.00021781346011184866], "ptau": [0.0002178017041808941], "rvv": [1.0000000235086677], "rpp": [0.9997822339722602]}