{"elements": {"SPS_LinearTransferMatrix": {"__class__": "LinearTransferMatrix", "no_detuning": 0, "q_x": 20.150000258526983, "q_y": 20.250000001309765, "cos_s": 0.9994523806007075, "sin_s": 0.03308986115985569, "beta_x_0": 86.57589559531978, "beta_y_0": 38.6715109474234, "beta_ratio_x": 1.0000015317435895, "beta_prod_x": 86.57602820739287, "beta_ratio_y": 0.9999999999895459, "beta_prod_y": 38.67151094701912, "alpha_x_0": -1.6008089596531614, "alpha_x_1": -1.6008137597479393, "alpha_y_0": 0.7824903362148362, "alpha_y_1": 0.7824903360392143, "disp_x_0": -0.3761329273964776, "disp_x_1": -0.3771021550783465, "disp_y_0": 0.0, "disp_y_1": 0.0, "beta_s": 620.1335544449697, "energy_ref_increment": 0.0, "energy_increment": 0.0, "chroma_x": -1.3180698016873604, "chroma_y": -0.7261593034051106, "detx_x": 0.0, "detx_y": 0.0, "dety_y": 0.0, "dety_x": 0.0, "x_ref_0": 0.0, "px_ref_0": 0.0, "y_ref_0": 0.0, "py_ref_0": 0.0, "x_ref_1": 0.0, "px_ref_1": 0.0, "y_ref_1": 0.0, "py_ref_1": 0.0, "uncorrelated_rad_damping": 0, "damping_factor_x": 0.0, "damping_factor_y": 0.0, "damping_factor_s": 0.0, "uncorrelated_gauss_noise": 0, "gauss_noise_ampl_x": 0.0, "gauss_noise_ampl_px": 0.0, "gauss_noise_ampl_y": 0.0, "gauss_noise_ampl_py": 0.0, "gauss_noise_ampl_zeta": 0.0, "gauss_noise_ampl_delta": 0.0}}, "element_names": ["SPS_LinearTransferMatrix"]}